Rebalance Date,SPY,VGK,EEM,GLD,TLT
2020-01-01,0.23747801975713442,0.190673580358279,0.18593925169817674,0.2521739863883486,0.1337351617980612
2020-01-02,,,,,
2020-01-03,,,,,
2020-01-06,0.10839467747438822,0.08783646859878312,0.04722206493666959,0.3098413541593164,0.4467054348308426
2020-01-07,0.16910391991410367,0.13295002673231796,0.0747628713743974,0.49260036963009723,0.13058281234908362
2020-01-08,0.20870722519504442,0.16695350209607832,0.09721275257769788,0.3849647142343825,0.14216180589679697
2020-01-09,0.2646997635819697,0.21738877628855574,0.12703800295745268,0.22170378451174075,0.16916967266028107
2020-01-10,0.26377702555580124,0.2285377887848021,0.13177182221849648,0.19781576111871635,0.17809760232218377
2020-01-13,0.25714054170400225,0.2286549912842822,0.13512789042644996,0.20276474245056175,0.1763118341347037
2020-01-14,0.26217680649301267,0.23272113398200397,0.13285976398650787,0.18967460698679844,0.18256768855167704
2020-01-15,0.259474497069319,0.23611216254739945,0.12964230206964508,0.1905621973869081,0.18420884092672832
2020-01-16,0.26223357510332646,0.23860274615161622,0.1250908976582635,0.190316913762743,0.1837558673240509
2020-01-17,0.25431581612017545,0.23907731228669238,0.1284074540923108,0.1939639369203208,0.18423548058050052
2020-01-20,0.25431581612017545,0.23907731228669238,0.1284074540923108,0.1939639369203208,0.18423548058050052
2020-01-21,0.2594307723540209,0.24005689819091225,0.1304750300334303,0.19794454772867584,0.17209275169296065
2020-01-22,0.26809725136074686,0.23694022885084223,0.10998998919683196,0.21068954981501467,0.17428298077656423
2020-01-23,0.2675237010761631,0.2377124877140916,0.10886209993060131,0.21103736782972224,0.1748643434494217
2020-01-24,0.269999375033738,0.2355160371900186,0.10682492048412924,0.21324131179748085,0.17441835549463325
2020-01-27,0.2446794308345996,0.24405966639721455,0.11046712339235794,0.2208602219084688,0.17993355746735912
2020-01-28,0.2266757217536571,0.21197187599007816,0.10681953946330998,0.2578192306696786,0.19671363212327603
2020-01-29,0.22808624125707183,0.21082009153931622,0.11265086529489297,0.2502369550684285,0.1982058468402904
2020-01-30,0.2294144543597995,0.21194295559099113,0.11281530653444587,0.24990688662964156,0.19592039688512183
2020-01-31,0.22980053174485354,0.21302686289246386,0.11061219753678989,0.2505339010666705,0.19602650675922223
2020-02-03,,,,,
2020-02-04,,,,,
2020-02-05,0.261349186860701,0.12472237472609003,0.13915346195196615,0.3134712546206737,0.1613037218405691
2020-02-06,0.3352501107390836,0.15936783539019944,0.12594772796263087,0.18381397515765752,0.19562035075042863
2020-02-07,0.29562864722031545,0.19881044510392354,0.14055599795529153,0.18563952072117545,0.17936538899929402
2020-02-10,0.24193498203387082,0.19241994608185156,0.13257395726540444,0.25460829365574705,0.17846282096312624
2020-02-11,0.24469333184174502,0.1948432886093737,0.1343015589475541,0.2484414608901429,0.17772035971118422
2020-02-12,0.24022102151829805,0.19598600626431037,0.13359389910927744,0.2515165253161927,0.1786825477919214
2020-02-13,0.24155701431739654,0.19638628041699205,0.13153069240464813,0.2527594392084254,0.17776657365253787
2020-02-14,0.2451579228110714,0.19105435995099967,0.12068499153738728,0.25414213381498196,0.18896059188555964
2020-02-17,0.2451579228110714,0.19105435995099967,0.12068499153738728,0.25414213381498196,0.18896059188555964
2020-02-18,0.24582821178355233,0.19350253184695235,0.12218492645172666,0.2505907458473023,0.18789358407046627
2020-02-19,0.2498219559451822,0.20226202459147566,0.12765004797159937,0.22422197331721347,0.19604399817452922
2020-02-20,0.2518168229015459,0.20111230053370355,0.12825906350025051,0.22111297958393095,0.19769883348056919
2020-02-21,0.24598497126077562,0.20113623805302994,0.12132494403322515,0.23188319433993987,0.19967065231302933
2020-02-24,0.22704821468102943,0.21577230431779276,0.13030848752908214,0.21935828280780797,0.20751271066428775
2020-02-25,0.17897487429949455,0.15100127532129518,0.13186810513724911,0.28700235891651793,0.2511533863254432
2020-02-26,0.16414512347508067,0.1560004133840452,0.14605363815586886,0.25501005791593606,0.2787907670690692
2020-02-27,0.1657952316888585,0.15734775112084173,0.14598293866301665,0.25696273376834794,0.27391134475893525
2020-02-28,0.13933077936850366,0.1514781420540102,0.14701448202698494,0.2771920564524593,0.28498454009804197
2020-03-02,,,,,
2020-03-03,,,,,
2020-03-04,0.08122810864938194,0.23269355799987582,0.2051692165250201,0.22554582965866019,0.255363287167062
2020-03-05,0.09080579230554697,0.17303978244243703,0.24234216425215477,0.2313872396059336,0.2624250213939277
2020-03-06,0.09963132494335829,0.14230940345226253,0.20842705740499512,0.3051385659441862,0.2444936482551978
2020-03-09,0.1167503986905273,0.16659217927792902,0.21753393571502655,0.3251697173078324,0.17395376900868476
2020-03-10,0.10883378051461425,0.12133619992467937,0.1564928256754319,0.3947553777443368,0.2185818161409376
2020-03-11,0.12770028031525668,0.14616013377065376,0.16389793466551691,0.37448024197151664,0.187761409277056
2020-03-12,0.12811825049078676,0.14256121833098742,0.16059769783594754,0.3899503948025437,0.1787724385397346
2020-03-13,0.13548678621751192,0.13901769443529044,0.15453533585374618,0.3465980129779944,0.22436217051545698
2020-03-16,0.1272476114314147,0.13567879325630397,0.14495225803504946,0.349056449682684,0.24306488759454786
2020-03-17,0.1247337061352904,0.13108340704894117,0.1327645403458137,0.3852959487512646,0.2261223977186901
2020-03-18,0.12722044677237662,0.13373421476119066,0.13038999379394586,0.4013251920177961,0.20733015265469068
2020-03-19,0.13041979732027228,0.13499754003102316,0.12873702601806794,0.4058550943699736,0.19999054226066296
2020-03-20,0.13234558762984264,0.13411327620464472,0.13012037618897668,0.40449304816465165,0.19892771181188437
2020-03-23,0.13631731110444495,0.1392667757091225,0.13445589596041949,0.40597054411467715,0.18398947311133587
2020-03-24,0.14580766205575874,0.1487887418714108,0.1438673453746793,0.36938403383635393,0.19215221686179718
2020-03-25,0.1445893084141931,0.1461098524165562,0.14644659694761872,0.35476474502589617,0.20808949719573586
2020-03-26,0.14541435800893138,0.14468683623746176,0.14554634792133797,0.35422301015038005,0.21012944768188885
2020-03-27,0.14249472412484984,0.1427934227187679,0.14510719439264616,0.3567194560319064,0.21288520273182968
2020-03-30,0.1428660851991861,0.14310577013474757,0.14331487076937713,0.3581435155485882,0.21256975834810105
2020-03-31,0.14185662450887354,0.1429605344775581,0.1431851586340641,0.3592562383707826,0.2127414440087216
2020-04-01,,,,,
2020-04-02,,,,,
2020-04-03,0.04615368935654143,0.04988191573308997,0.04110178079784532,0.4529426786799762,0.4099199354325471
2020-04-06,0.06840829028607084,0.0731879826721199,0.05963315908954966,0.4042548651057448,0.3945157028465148
2020-04-07,0.06654385299533216,0.077697560852782,0.07131224453121157,0.32514525513532616,0.4593010864853481
2020-04-08,0.08929847937264085,0.10432252864887079,0.09592547434052107,0.3031047497242092,0.40734876791375807
2020-04-09,0.09504739577722165,0.11419065517179951,0.10634800905358895,0.27304148808675904,0.4113724519106308
2020-04-10,0.09504739577722165,0.11419065517179951,0.10634800905358895,0.27304148808675904,0.4113724519106308
2020-04-13,0.09903916076257299,0.11512087836285864,0.11006085038872614,0.24758569408156966,0.4281934164042726
2020-04-14,0.10158490977904963,0.11707840576453897,0.11545422611776866,0.2555041905822954,0.41037826775634745
2020-04-15,0.10000436984198363,0.11659270957668824,0.11370655801357209,0.25647026333215195,0.413226099235604
2020-04-16,0.11705021922922458,0.12541582242593094,0.13107580049487744,0.2923622537154608,0.3340959041345062
2020-04-17,0.11926281999775637,0.12782620310997997,0.13359417754845465,0.2896114431433902,0.32970535620041874
2020-04-20,0.12849224130224043,0.1326249918056884,0.14358025519747625,0.26511648370506335,0.33018602798953156
2020-04-21,0.12599075683595728,0.1321730309729105,0.14280112274166756,0.26862256760969483,0.3304125218397698
2020-04-22,0.12332282504782707,0.13382254454226528,0.1404809943761852,0.2702266351042952,0.3321470009294274
2020-04-23,0.12598848156995107,0.13696515390805114,0.14062318817661412,0.26867659477084,0.32774658157454356
2020-04-24,0.12615409533778046,0.13690991090821605,0.14065082430541376,0.2686361501365152,0.3276490193120745
2020-04-27,0.12662769493334672,0.13683468217127148,0.14145152884058007,0.2652652173405789,0.32982087671422283
2020-04-28,0.1318036145278444,0.14206421999319022,0.14550362151520954,0.2700410946110955,0.31058744935266047
2020-04-29,0.13272944895916655,0.14369907338323987,0.1471822129223781,0.2693459147501003,0.30704334998511523
2020-04-30,0.1324967951778179,0.14105159348609606,0.14485665980988552,0.27311285371606514,0.30848209781013547
2020-05-01,,,,,
2020-05-04,,,,,
2020-05-05,0.06163578761468227,0.08834473512969833,0.03851140568704425,0.6757078428067045,0.1358002287618707
2020-05-06,0.05099073174060061,0.08828663416928723,0.037818838448794294,0.7045054655878286,0.11839833005348938
2020-05-07,0.14784792606624028,0.2551808961578566,0.10949292525276623,0.2609396256187969,0.22653862690434
2020-05-08,0.17648116454241475,0.19977371307585012,0.1428955312770077,0.26947485177287683,0.21137473933185064
2020-05-11,0.17479189690969812,0.18807905690470053,0.13970793112449617,0.2799471436584424,0.21747397140266292
2020-05-12,0.17865656137595406,0.1896716174841507,0.14108006733127568,0.27148535290251946,0.21910640090610023
2020-05-13,0.16509954093626208,0.18953777549807116,0.14868088218598816,0.28453634158325214,0.2121454597964265
2020-05-14,0.16101199452636558,0.18985445655557992,0.1548438806992305,0.2801715979490381,0.21411807026978585
2020-05-15,0.15729860479604338,0.19343408163104053,0.15886576413995565,0.2792474170751706,0.21115413235778985
2020-05-18,0.15776585945762273,0.19385278088959054,0.15461013733857445,0.2808522437562722,0.2129189785579402
2020-05-19,0.16152061214546395,0.14951936918649988,0.14610377113750755,0.32103019245579817,0.22182605507473047
2020-05-20,0.16183872770974708,0.1481912569958023,0.1475858051638017,0.31744864569852954,0.22493556443211948
2020-05-21,0.158781190724322,0.1416050736377549,0.147875408302753,0.32360498656530234,0.22813334076986763
2020-05-22,0.1655854569367704,0.14745670379211157,0.1525147391279098,0.29495258215668957,0.23949051798651866
2020-05-25,0.1655854569367704,0.14745670379211157,0.1525147391279098,0.29495258215668957,0.23949051798651866
2020-05-26,0.16779215825424865,0.1493722432443003,0.14677121852555167,0.29641688778918945,0.23964749218670994
2020-05-27,0.17516169418838054,0.1478862815543204,0.1484107474616159,0.2854285432934125,0.24311273350227067
2020-05-28,0.17229874542560894,0.1472948906643193,0.14914733252148915,0.2868698447416391,0.24438918664694345
2020-05-29,0.17242713306575796,0.14696213527565377,0.1486881936128458,0.28716196634982494,0.24476057169591764
2020-06-01,,,,,
2020-06-02,,,,,
2020-06-03,0.11649770366300624,0.04282763423513183,0.6366658678359494,0.04455942055721484,0.15944937370869763
2020-06-04,0.06900031464084244,0.03736162616548161,0.8009969480853479,0.027761137625431184,0.06487997348289683
2020-06-05,0.2684133053763146,0.14524965906853768,0.09662543151118051,0.1416758004987356,0.3480358035452316
2020-06-08,0.17620782633139648,0.172539551840387,0.10935214257597127,0.1374023158256546,0.40449816342659056
2020-06-09,0.21349300376441918,0.20764195014837214,0.12836335009160324,0.1457919424569765,0.30470975353862895
2020-06-10,0.22912749558811385,0.16354606665124885,0.15097356700758116,0.18379954459013925,0.2725533261629168
2020-06-11,0.23295307599737716,0.17160623338786868,0.16806604021372876,0.18832367227647626,0.23905097812454912
2020-06-12,0.15326881298938003,0.13654487082431327,0.14151028902099647,0.2746785383992504,0.29399748876605986
2020-06-15,0.153771270062314,0.13594573544846186,0.14088205347126131,0.28002676653906233,0.2893741744789005
2020-06-16,0.1532311264562216,0.13611279280265834,0.1390126781854721,0.2810651041393688,0.29057829841627913
2020-06-17,0.1523832493064279,0.13909479598282942,0.14260432075399426,0.2884059100431046,0.2775117239136438
2020-06-18,0.15240320583744302,0.13967703289404024,0.14292491885961264,0.2891784491781267,0.27581639323077733
2020-06-19,0.15436674132836473,0.1401373251564375,0.14456583379293325,0.29264328339988616,0.2682868163223783
2020-06-22,0.15566433532635454,0.14128476288979622,0.1462755894984723,0.28489652100404983,0.2718787912813271
2020-06-23,0.15617854965304165,0.14066041820754555,0.14635316343636548,0.2834204349021516,0.27338743380089586
2020-06-24,0.1573845446930972,0.14177995184532508,0.14732192157838694,0.28103848154319455,0.27247510033999633
2020-06-25,0.15279111220553301,0.13695390856614972,0.14859225768934414,0.28911047993984973,0.27255224159912345
2020-06-26,0.15206253284945287,0.13579887427639842,0.14916283768971844,0.2899893419353038,0.2729864132491265
2020-06-29,0.1483700254242513,0.13559965237449928,0.14945231474201098,0.29533496299582784,0.2712430444634105
2020-06-30,0.14659615996039677,0.1353645565443548,0.15006097429036283,0.2965383472964989,0.27143996190838665
2020-07-01,,,,,
2020-07-02,,,,,
2020-07-03,,,,,
2020-07-06,0.378851458349905,0.29619189047385813,0.04934595711334821,0.08542117117565964,0.19018952288722898
2020-07-07,0.18506284332524878,0.18223271480371217,0.06156163406494414,0.1870164821619166,0.38412632564417826
2020-07-08,0.17700193581017892,0.13403446868819788,0.07628686864151606,0.3789890737539451,0.2336876531061621
2020-07-09,0.1842604643738897,0.1355743587366393,0.07841828472123387,0.3729336262019681,0.22881326596626891
2020-07-10,0.19488774792168603,0.12965289779563438,0.08810878735223522,0.38424961947214176,0.2031009474583025
2020-07-13,0.19852693498671556,0.13554145605593695,0.08676147828574267,0.377583875697383,0.20158625497422186
2020-07-14,0.18048513462094484,0.13511620480173572,0.08519305587065142,0.3907336089785225,0.20847199572814556
2020-07-15,0.17443132020737942,0.13028028082898624,0.08741595092436358,0.3921678410043242,0.21570460703494662
2020-07-16,0.17423120720910998,0.12989341593354395,0.08848763042558483,0.3974703336074201,0.209917412824341
2020-07-17,0.1906214980923958,0.1437626683033694,0.09344317843788327,0.33666872370504064,0.23550393146131093
2020-07-20,0.19694088066908644,0.14842033431390836,0.09657033973398725,0.31794376143612274,0.24012468384689517
2020-07-21,0.1965061577694037,0.14913998562069164,0.09679778942074183,0.31537819749667323,0.24217786969248953
2020-07-22,0.2045349639811992,0.15525379906507716,0.10081621046014352,0.2870963667295411,0.25229865976403887
2020-07-23,0.21344843098611196,0.16221013296450923,0.10377233811391469,0.25720645881037596,0.2633626391250882
2020-07-24,0.2013081144396294,0.16299312234408103,0.10808070925503276,0.2678607350613831,0.2597573188998738
2020-07-27,0.19780031284779284,0.1606389065742859,0.1097363098034784,0.2679982463707775,0.26382622440366543
2020-07-28,0.20670901178296547,0.16653368999843202,0.11409675790616416,0.240922970366144,0.2717375699462942
2020-07-29,0.20406056911542428,0.166471161836844,0.11376246522814427,0.2437456407002943,0.27196016311929316
2020-07-30,0.19992632595059961,0.16519408568227284,0.11390038229195465,0.2470188631983496,0.27396034287682314
2020-07-31,0.20541599130316446,0.16063388538281975,0.11457497268082181,0.23811513236833035,0.2812600182648637
2020-08-03,,,,,
2020-08-04,,,,,
2020-08-05,0.4904627022383314,0.09262792944981767,0.2376668877108208,0.07522110872945002,0.10402137187158017
2020-08-06,0.4968634364117968,0.09198866905538781,0.24910446702141403,0.07908506407100045,0.0829583634404007
2020-08-07,0.5505952739588809,0.0930813795217613,0.1737311792644098,0.09261292916049746,0.08997923809445044
2020-08-10,0.5022826051094144,0.14389147474634018,0.09731327735418578,0.09345073818975617,0.16306190460030368
2020-08-11,0.49394599422701246,0.1468412787469341,0.10074389587236837,0.09268219542083896,0.16578663573284602
2020-08-12,0.32473967514855245,0.22824890117957397,0.15405456168631593,0.06946425479810686,0.22349260718745084
2020-08-13,0.2971631590528021,0.20204489272332674,0.16817082141000533,0.0813995739154126,0.2512215528984532
2020-08-14,0.29796117892791163,0.19597493814387176,0.1743310176687105,0.07915355057455335,0.25257931468495265
2020-08-17,0.30240710340930227,0.17723921360822997,0.1781857954692087,0.08160648418195615,0.2605614033313028
2020-08-18,0.31097899444428706,0.18004838747885407,0.17421438107251333,0.07970477410826034,0.2550534628960852
2020-08-19,0.32018091691416367,0.1831487486905674,0.1781633110316242,0.08165764214387829,0.23684938121976642
2020-08-20,0.31512293524201773,0.18711977538791116,0.17146237908192347,0.07856488156269249,0.24773002872545502
2020-08-21,0.32427652100921794,0.19040468344019476,0.17503347315543383,0.08048557932469898,0.22979974307045456
2020-08-24,0.3303336254911392,0.18551605704054558,0.17764921679629891,0.08174011332419463,0.2247609873478216
2020-08-25,0.3212840420727961,0.18145145476519803,0.17885654983237687,0.0848142183971694,0.2335937349324595
2020-08-26,0.32400969590618905,0.18277560562146772,0.1766768505115688,0.085508197807064,0.23102965015371035
2020-08-27,0.31432468114317125,0.18399850436238144,0.18024170052419183,0.08612413694876245,0.2353109770214931
2020-08-28,0.3286482761341451,0.17949060733249164,0.18167262954567526,0.0893743608194501,0.22081412616823792
2020-08-31,0.33020036593432883,0.1803414886707179,0.17764421731125776,0.08842877046174877,0.22338515762194674
2020-09-01,,,,,
2020-09-02,,,,,
2020-09-03,0.21971407686531705,0.06848091198433064,0.05623439956569313,0.07739912469313487,0.5781714868915243
2020-09-04,0.07433994732074083,0.09722539460050729,0.11056399123551328,0.2750302217961145,0.442840445047124
2020-09-07,0.07433994732074083,0.09722539460050729,0.11056399123551328,0.2750302217961145,0.442840445047124
2020-09-08,0.12102783429232596,0.1546305383528833,0.18060001563834607,0.35232713249370745,0.19141447922273727
2020-09-09,0.1132759306301046,0.1527460729726985,0.16620333932958675,0.3683297618421985,0.1994448952254117
2020-09-10,0.11725605151283112,0.14424340545924005,0.17323903129322687,0.3272161388903688,0.23804537284433297
2020-09-11,0.1171105521622229,0.14120617067687824,0.16490687604719306,0.33470636071668536,0.24207004039702043
2020-09-14,0.11790814270093194,0.1395271671137583,0.15901039497435557,0.3380650761391773,0.24548921907177695
2020-09-15,0.11830090725519461,0.14710793693842164,0.15444375109351877,0.3212294665695493,0.25891793814331565
2020-09-16,0.11840189006966582,0.14703982493593057,0.15226023208943787,0.32360880913033097,0.2586892437746348
2020-09-17,0.11931933638669069,0.14813715834856353,0.15322083645176932,0.32181054784274243,0.257512120970234
2020-09-18,0.11998132008387644,0.14971863556283663,0.15395693264665142,0.3167768775536408,0.25956623415299473
2020-09-21,0.12007688665334404,0.14881268802160136,0.1530165647427246,0.3187764801852111,0.2593173803971189
2020-09-22,0.13393234905076234,0.13983044108152212,0.16865300236481867,0.2696718151448045,0.2879123923580923
2020-09-23,0.1310752848669827,0.14088225145914454,0.16814253837719298,0.270482676930762,0.2894172483659178
2020-09-24,0.1327687943917882,0.1466648505626794,0.17136633783514274,0.24087426226627906,0.30832575494411063
2020-09-25,0.13296753955488688,0.1475466259691901,0.17247477584524173,0.23790512823518128,0.30910593039549983
2020-09-28,0.12772355158105597,0.14795041188102248,0.17344615751443646,0.23970172564571118,0.3111781533777738
2020-09-29,0.12736622897689198,0.14450705039502884,0.1741541217573466,0.23391825727298765,0.32005434159774493
2020-09-30,0.12836678671887009,0.1458165868870345,0.1757246000026063,0.22714716694678072,0.3229448594447084
2020-10-01,,,,,
2020-10-02,,,,,
2020-10-05,0.1206984700890221,0.23429619459382023,0.0925270053511891,0.19568557954581572,0.3567927504201529
2020-10-06,0.13284351770497502,0.1975192939909263,0.13629025149158974,0.3683529932888186,0.1649939435236903
2020-10-07,0.15590732004796717,0.17074500443428833,0.20962220654302346,0.25503427349655666,0.20869119547816442
2020-10-08,0.13903196785142558,0.17422410108629,0.2055373281792288,0.2659036527513381,0.2153029501317176
2020-10-09,0.14207692398032057,0.17671700782969094,0.21031584705958506,0.269915992830724,0.20097422829967931
2020-10-12,0.15412974117662157,0.19044909921766648,0.2298092055965142,0.20718579165154286,0.2184261623576548
2020-10-13,0.14954614400259084,0.19483546671753535,0.232929356702573,0.2058092490627013,0.2168797835145996
2020-10-14,0.16063240812062374,0.1727415078511096,0.24320734869270721,0.190769144460594,0.23264959087496542
2020-10-15,0.15922489011601332,0.1764755084452138,0.22733615790091846,0.19732068562370345,0.23964275791415093
2020-10-16,0.1644290288860881,0.16236501607513712,0.2190519627001439,0.20467725304053888,0.24947673929809205
2020-10-19,0.1645187700803162,0.1612336025107009,0.2203096971932022,0.20380810519983583,0.2501298250159448
2020-10-20,0.15195835126701532,0.16310953969848266,0.22148113873497743,0.20885922438339902,0.2545917459161255
2020-10-21,0.1559674427820925,0.1652168770715854,0.21806074125443123,0.2126704424553961,0.24808449643649483
2020-10-22,0.1574777053972209,0.15982916280239468,0.22103970603013404,0.2107428485426358,0.2509105772276146
2020-10-23,0.16103831072556504,0.16412906661845822,0.22574644922542536,0.2040491874704542,0.2450369859600973
2020-10-26,0.163467428744444,0.1633229761717748,0.22809087993808805,0.2069993170737725,0.23811939807192073
2020-10-27,0.1601557795158325,0.15298806502869133,0.21976937897717416,0.22519206394093233,0.2418947125373698
2020-10-28,0.16177680989526863,0.1502152165976617,0.22238995754519492,0.2279283177357766,0.23768969822609806
2020-10-29,0.15025372328298445,0.13905045839168043,0.20097532419414238,0.2353995532990921,0.2743209408321007
2020-10-30,0.15040410392869982,0.14112528765762763,0.2004819345309536,0.23873243460581395,0.26925623927690506
2020-11-02,,,,,
2020-11-03,,,,,
2020-11-04,0.23360532994008554,0.09840596732748083,0.1807633337126736,0.37391468405132194,0.113310684968438
2020-11-05,0.2843417785836376,0.17752883820125753,0.11491406147955253,0.3075437884856007,0.11567153324995146
2020-11-06,0.34376650125438185,0.20974247713162764,0.14366549001460133,0.16310262911784895,0.13972290248154026
2020-11-09,0.23020360532762557,0.20279959617822327,0.1860922869689827,0.22157416404597124,0.15933034747919728
2020-11-10,0.2905833891565609,0.2255707044580587,0.22603546315674825,0.1025655184885147,0.15524492474011747
2020-11-11,0.2628854966738243,0.25533302372335065,0.18682167309094103,0.11766445918127712,0.17729534733060687
2020-11-12,0.26547067967957894,0.2439383656604996,0.19076896033768745,0.12024033967766226,0.17958165464457168
2020-11-13,0.24896943504573865,0.1967305692361899,0.21092127113149725,0.14638282592876736,0.19699589865780678
2020-11-16,0.24794303626892084,0.1981059689775712,0.20921362103830649,0.14642162248869026,0.19831575122651127
2020-11-17,0.24772969165712785,0.1981460500935487,0.20857969448507374,0.14698224471621385,0.19856231904803595
2020-11-18,0.23473006150915288,0.19569701945000428,0.21166517646430827,0.15300595791447213,0.20490178466206238
2020-11-19,0.21559752137487234,0.19073078187333764,0.21590246222786838,0.16106545958335125,0.2167037749405704
2020-11-20,0.21604220959982492,0.1907278805765325,0.2151480566187509,0.16164229930074514,0.2164395539041465
2020-11-23,0.20946150241609787,0.18905598287649425,0.2195880269611906,0.16469812087497487,0.21719636687124227
2020-11-24,0.21331135233316936,0.18744829840897714,0.22276279775279922,0.157849966073502,0.21862758543155225
2020-11-25,0.21218021021024325,0.19040023719430008,0.22440540708841483,0.15703486129006972,0.21597928421697202
2020-11-26,0.21218021021024325,0.19040023719430008,0.22440540708841483,0.15703486129006972,0.21597928421697202
2020-11-27,0.21239798810654753,0.19002389090328298,0.21913927690842666,0.1596354488335181,0.2188033952482247
2020-11-30,0.21366968899898434,0.19081270295312677,0.22018946735476932,0.1595052799242256,0.21582286076889387
2020-12-01,,,,,
2020-12-02,,,,,
2020-12-03,0.2651770603625887,0.08961602568402256,0.12806527355599273,0.17303276182850869,0.3441088785688874
2020-12-04,0.29997703661464087,0.12563561339878188,0.19342938721410258,0.2296255668738602,0.15133239589861464
2020-12-07,0.31247165230333723,0.1436188407482315,0.22099236024311064,0.16893708835526305,0.15398005835005754
2020-12-08,0.30480383623937735,0.1435153221718134,0.21374596192118345,0.1922494515416237,0.14568542812600205
2020-12-09,0.3159485859787627,0.14847486490169998,0.201604184873907,0.19052890693387864,0.14344345731175165
2020-12-10,0.28118120536484087,0.18502626916983375,0.19904526069318051,0.15108797585678832,0.18365928891535657
2020-12-11,0.2888962169854734,0.18720708176417916,0.19623191325233702,0.15307104675177968,0.1745937412462309
2020-12-14,0.2974216392757683,0.18119319871421125,0.18258702790467823,0.15921614507681145,0.1795819890285307
2020-12-15,0.29167002922853325,0.18676302309545625,0.17854792025377678,0.1580584969269493,0.1849605304952845
2020-12-16,0.25972659224029665,0.18924070104740293,0.1881734426961507,0.16298211073917246,0.1998771532769772
2020-12-17,0.2598602966041242,0.18923107883164314,0.18825865715369935,0.16292299147950032,0.19972697593103306
2020-12-18,0.25860220841532766,0.18891333027768867,0.1894405862337308,0.16174300789682117,0.2013008671764317
2020-12-21,0.2534899774517561,0.19095427320814803,0.18939596281564017,0.16192084308766955,0.20423894343678622
2020-12-22,0.26440005233044195,0.17750452059934924,0.1735969318613754,0.16982869727776756,0.21466979793106583
2020-12-23,0.26849251349036757,0.18021482664532873,0.17041306991511998,0.16599753362748784,0.21488205632169588
2020-12-24,0.2730896904626248,0.17533774816369804,0.1694418712827108,0.16807086442802813,0.21405982566293816
2020-12-25,0.2730896904626248,0.17533774816369804,0.1694418712827108,0.16807086442802813,0.21405982566293816
2020-12-28,0.27334202067289287,0.17662295486996207,0.16799831668282492,0.16928387298595096,0.2127528347883692
2020-12-29,0.26566907439987025,0.17848101480342268,0.17060669312414448,0.16934147470596048,0.21590174296660208
2020-12-30,0.26620856466201365,0.17964710377576368,0.16422869818031957,0.17138817531642955,0.21852745806547352
2020-12-31,0.2685710501648315,0.17979123341840195,0.16052902758635398,0.17163747801198714,0.21947121081842536
2021-01-01,0.2685710501648315,0.17979123341840195,0.16052902758635398,0.17163747801198714,0.21947121081842536
2021-01-04,,,,,
2021-01-05,,,,,
2021-01-06,0.08526060170134937,0.4442255636129304,0.09902311881744946,0.09058208902245411,0.28090862684581663
2021-01-07,0.10880989374399753,0.6204558875310068,0.07748756693655753,0.0654727157821964,0.12777393600624162
2021-01-08,0.14496340051969925,0.3957652022942921,0.13169077981222077,0.11006409351107473,0.21751652386271317
2021-01-11,0.16513503511559835,0.39954841129488183,0.1222268831775755,0.08213489410109802,0.23095477631084643
2021-01-12,0.21758152319973312,0.21368038939414483,0.13825074653468167,0.11895664355718588,0.31153069731425453
2021-01-13,0.22204809493366506,0.21870938902188877,0.14125566182174806,0.11817718382433344,0.2998096703983647
2021-01-14,0.2446189722633722,0.23132788395399098,0.15415594859691084,0.13022572120496512,0.23967147398076105
2021-01-15,0.24211605469299316,0.23225973243760298,0.15604580801913068,0.13178928187378217,0.23778912297649102
2021-01-18,0.24211605469299316,0.23225973243760298,0.15604580801913068,0.13178928187378217,0.23778912297649102
2021-01-19,0.2540332571703267,0.20061933359437065,0.15177978245966112,0.14339283312646264,0.2501747936491787
2021-01-20,0.25277040944723345,0.2024421898259602,0.15177027068361906,0.1430590885454888,0.2499580414976985
2021-01-21,0.23947810886087187,0.20993047149503125,0.15371822144285674,0.13881049339996634,0.2580627048012737
2021-01-22,0.24026364656668964,0.2107357856283908,0.1533691109497375,0.13939012517158453,0.25624133168359753
2021-01-25,0.24281157062898265,0.2080508442293853,0.14986865446383058,0.14220539809911173,0.25706353257868975
2021-01-26,0.2507119858120699,0.20944388944289932,0.1550387852904157,0.14703886286946535,0.23776647658514968
2021-01-27,0.25095834783502596,0.2104640510560847,0.1509711940814057,0.14809610619211414,0.23951030083536942
2021-01-28,0.2180485685870803,0.19718983838904836,0.14505248773391233,0.16848147604229904,0.2712276292476601
2021-01-29,0.2156919996960732,0.19583551267284263,0.146327616539839,0.17008439683202842,0.2720604742592168
2021-02-01,,,,,
2021-02-02,,,,,
2021-02-03,0.37979868052907134,0.3832026486075951,0.06775418271719283,0.044147533949664995,0.12509695419647573
2021-02-04,0.18108095056796333,0.24192067357667768,0.13879749757411,0.1432559635346592,0.29494491474658996
2021-02-05,0.20840679780716315,0.22750790667240856,0.12456396425929177,0.10880829050913567,0.3307130407520009
2021-02-08,0.20095019066651715,0.24557295942726368,0.13349090689424534,0.09932580362021165,0.3206601393917622
2021-02-09,0.227636962412692,0.26924782700887245,0.14165587755748404,0.10397610167239378,0.25748323134855783
2021-02-10,0.20053978138927697,0.28366996311658366,0.14900167019000066,0.10861280596414721,0.2581757793399915
2021-02-11,0.210853466843761,0.2523184280933378,0.16724653319058638,0.12481573570941533,0.2447658361628994
2021-02-12,0.2089029599327605,0.25273294401489216,0.1707571571240851,0.12332302248402502,0.24428391644423722
2021-02-15,0.2089029599327605,0.25273294401489216,0.1707571571240851,0.12332302248402502,0.24428391644423722
2021-02-16,0.21872280043304937,0.26431954707901345,0.16969507185922938,0.12905373586509064,0.2182088447636173
2021-02-17,0.22160794193002145,0.2730224267910847,0.1775708194972718,0.12853823545119777,0.19926057633042432
2021-02-18,0.2417675654805198,0.22287675100302076,0.19203337403554882,0.13997453691645756,0.20334777256445297
2021-02-19,0.23876168810167786,0.22950331813735295,0.1628484092131949,0.15013825271243658,0.21874833183533765
2021-02-22,0.2372815485384453,0.23518719087380774,0.16712093773263761,0.15144153630972462,0.20896878654538475
2021-02-23,0.23701692916562195,0.2518691675701333,0.12878503132162158,0.15237277422457013,0.22995609771805312
2021-02-24,0.23701280536596314,0.2511267906043068,0.12903706470422854,0.15266682083920505,0.2301565184862963
2021-02-25,0.23094769172754137,0.25046352884829426,0.12903373257727982,0.1556824833864341,0.23387256346045052
2021-02-26,0.1962611628997212,0.2369628091106105,0.13771814276303515,0.17176752694271327,0.25729035828392
2021-03-01,,,,,
2021-03-02,,,,,
2021-03-03,0.09070300281793621,0.20610127431712408,0.07943564135412173,0.40488749906401333,0.21887258244680463
2021-03-04,0.11074138434789621,0.1846087187729664,0.11636479612621656,0.2716458170782837,0.316639283674637
2021-03-05,0.11616591689886438,0.16086092037520391,0.09798860099757638,0.26961951396009387,0.3553650477682614
2021-03-08,0.11374366452723464,0.17779415392783954,0.10661290695055434,0.2921885905145108,0.3096606840798607
2021-03-09,0.11800618663677792,0.18573355651891607,0.09403000212256207,0.27949998411960225,0.32273027060214166
2021-03-10,0.15989159742041112,0.23156677540451132,0.11929032496570043,0.21766867298580697,0.2715826292235702
2021-03-11,0.16130903955023013,0.23291977740863326,0.12046208040606353,0.21637427055608527,0.26893483207898783
2021-03-12,0.16352985951303683,0.23537687451754838,0.10682713088662858,0.22246806648425826,0.27179806859852795
2021-03-15,0.17381867933622527,0.24693577413249052,0.10822964032304774,0.23690323750106151,0.23411266870717495
2021-03-16,0.17710075577150824,0.2479228662814329,0.1104124473146257,0.2390888010196792,0.22547512961275396
2021-03-17,0.17615248665633096,0.24781092536827856,0.11050887107445731,0.23955784175691092,0.22596987514402223
2021-03-18,0.17752218873295197,0.24918817041131527,0.1113678072668246,0.2355722324809458,0.22634960110796234
2021-03-19,0.17276072739095716,0.23320809725161942,0.11330921208485555,0.2444649169992686,0.2362570462732993
2021-03-22,0.1749579107153429,0.23681650101434995,0.11329540394018653,0.2467638252966925,0.22816635903342808
2021-03-23,0.17718789164055804,0.24184026483339616,0.11564601802826029,0.2516719821664442,0.2136538433313413
2021-03-24,0.18238698972105913,0.22760601736906588,0.11744277093883233,0.2578611333251632,0.21470308864587953
2021-03-25,0.18289291935741023,0.22987703078586236,0.11376913926818205,0.2598701656846782,0.21359074490386726
2021-03-26,0.18334715212389988,0.2300682871409597,0.11409782807381867,0.2598649124373962,0.21262182022392564
2021-03-29,0.17997674632293112,0.22522240460669915,0.11012717962611306,0.266199951095888,0.21847371834836873
2021-03-30,0.18365893535572428,0.22780836341244545,0.11216835983575374,0.25571910464684783,0.22064523674922867
2021-03-31,0.18834352556668457,0.23467957241336998,0.11543870678273788,0.2381815792485209,0.2233566159886867
2021-04-01,,,,,
2021-04-02,,,,,
2021-04-05,,,,,
2021-04-06,0.19483201397525812,0.6004839482773322,0.11837686735509144,0.053271639079855035,0.03303553131246335
2021-04-07,0.16546317262963525,0.08709416243815327,0.4282911567466057,0.19598279679033792,0.12316871139526797
2021-04-08,0.25398660386160327,0.14835584582818828,0.17055803398482433,0.2566099291254668,0.1704895871999173
2021-04-09,0.262465619339929,0.15437853522682907,0.16816315356281203,0.24283834085221817,0.1721543510182117
2021-04-12,0.2885735447197623,0.16602386415307369,0.1653447209392928,0.2014714699445932,0.17858640024327793
2021-04-13,0.2835030337568396,0.16296817440018047,0.17039902236231033,0.19408594250092048,0.18904382697974917
2021-04-14,0.28440945937602446,0.165314083656005,0.17063643177923207,0.19235528471972171,0.18728474046901672
2021-04-15,0.26207302091101325,0.17341796548118873,0.17798503412483088,0.19456571331703656,0.19195826616593042
2021-04-16,0.26797571339942705,0.18691045596408148,0.1851267576898255,0.18124415038428648,0.17874292256237945
2021-04-19,0.2733205743255585,0.18419582671057746,0.18933758536358314,0.18456003984666014,0.16858597375362083
2021-04-20,0.2533136880802438,0.19035078144060144,0.19438448385930257,0.18828719928930115,0.17366384733055115
2021-04-21,0.24306833293373023,0.1611023799513318,0.20055522821215868,0.20591940632462089,0.18935465257815842
2021-04-22,0.23934206674503106,0.16215193791173887,0.20095455834233064,0.2041671318322575,0.19338430516864188
2021-04-23,0.22202451224462139,0.16660712325498084,0.20792151591064031,0.2013913090801821,0.20205553950957528
2021-04-26,0.22145863355793036,0.1705776994957413,0.19553700851493347,0.20466773769791388,0.20775892073348104
2021-04-27,0.22166865691510035,0.1708491635553368,0.19585896472949077,0.20500828815785843,0.20661492664221362
2021-04-28,0.2239749836712982,0.17317262584297585,0.19884327933299117,0.20580481609410095,0.19820429505863393
2021-04-29,0.2236907679803654,0.1740477554304778,0.19631747299362146,0.20679066712026903,0.19915333647526617
2021-04-30,0.2241408432540261,0.175220704782142,0.19674999966248297,0.2045294003319681,0.19935905196938078
2021-05-03,,,,,
2021-05-04,,,,,
2021-05-05,0.2649777740721278,0.07446681708913822,0.19524392011071767,0.10864368234844499,0.3566678063795713
2021-05-06,0.2831608849043823,0.07044847395863067,0.1506977457958282,0.1216150553794835,0.3740778399616753
2021-05-07,0.21302351099165656,0.08572383213552766,0.13944526697346055,0.11626929853003329,0.44553809136932193
2021-05-10,0.24496102031152095,0.10515033473716028,0.15979929725101674,0.15156898565366742,0.3385203620466345
2021-05-11,0.23729508644419722,0.1275112864829726,0.14760557860991227,0.20037328034779317,0.2872147681151247
2021-05-12,0.2242397409641351,0.12252515644919412,0.15753550798692176,0.20512395019424182,0.29057564440550715
2021-05-13,0.1946513954274496,0.14388113178703693,0.14229777345871128,0.2077483817441684,0.31142131758263364
2021-05-14,0.17628757480878873,0.14625330901116235,0.14725051867170844,0.2156244971261668,0.3145841003821738
2021-05-17,0.17395528933064622,0.1496912891786225,0.14279249192112028,0.2368676024534415,0.2966933271161696
2021-05-18,0.17536282929306823,0.15075011558101264,0.14424807571513462,0.23030702102117637,0.2993319583896082
2021-05-19,0.17340960229992441,0.15287357205076593,0.1382393454371113,0.2324225821905835,0.3030548980216149
2021-05-20,0.17510861016963353,0.14706655480983782,0.13952098549336767,0.23251172452506563,0.3057921250020954
2021-05-21,0.17424871384590065,0.14651212809599706,0.14458503949076645,0.24333851575271243,0.2913156028146234
2021-05-24,0.17610789548597644,0.14796323159197422,0.14194532944076302,0.2435253115991543,0.29045823188213193
2021-05-25,0.17233305911504632,0.14957107287873808,0.14140434844324992,0.24630178047488005,0.2903897390880855
2021-05-26,0.17700363164036942,0.1537693075011057,0.14233627856469605,0.24925285873749894,0.2776379235563298
2021-05-27,0.17846329207509468,0.1541298338960879,0.14215528199195226,0.24606356226056958,0.2791880297762956
2021-05-28,0.17951948685703945,0.15501576566705666,0.14299418600765154,0.24569068644093386,0.27677987502731854
2021-05-31,0.17951948685703945,0.15501576566705666,0.14299418600765154,0.24569068644093386,0.27677987502731854
2021-06-01,,,,,
2021-06-02,,,,,
2021-06-03,0.35563571421690066,0.1396735569613295,0.045956142737441974,0.11509416236500013,0.3436404237193278
2021-06-04,0.3840071934874555,0.1373599156968248,0.06441589314563068,0.08106941557466761,0.33314758209542134
2021-06-07,0.2989665095485578,0.23160288957618153,0.12561683352779457,0.12528235678511793,0.2185314105623483
2021-06-08,0.30289294105304254,0.2384730657967036,0.1214271067079351,0.12726675752319072,0.20994012891912808
2021-06-09,0.30930944459783605,0.2380606300382269,0.11922914951343379,0.1296836251925902,0.20371715065791296
2021-06-10,0.31205937223281527,0.23560717736210973,0.1215579727102817,0.13399595938843245,0.1967795183063608
2021-06-11,0.30047758562447147,0.242468568107613,0.12148271682786413,0.13494953297463888,0.20062159646541244
2021-06-14,0.3075030718926205,0.24709667269199023,0.12228202046087051,0.12725069982861104,0.19586753512590768
2021-06-15,0.3161544261333558,0.25501619474598197,0.1261781583486732,0.12991289059743016,0.17273833017455903
2021-06-16,0.3116700525204499,0.2581358599894498,0.12364469289762754,0.13240260961787093,0.17414678497460173
2021-06-17,0.3120164184535012,0.2285335773346919,0.12748486752563346,0.13399877083455286,0.19796636585162058
2021-06-18,0.3441085735887104,0.22116241375410492,0.13853639916987304,0.11135573047708897,0.1848368830102226
2021-06-21,0.29815126895977695,0.20050783908871186,0.16908706005069035,0.13886840384241797,0.19338542805840295
2021-06-22,0.27250630315695085,0.2018631288026747,0.1939393911429645,0.1476896469590218,0.1840015299383882
2021-06-23,0.26888254060923733,0.2032997531681114,0.19372610334707285,0.14875801337546082,0.1853335895001177
2021-06-24,0.2707606065522807,0.20195022817317143,0.1921925551172431,0.14972663967703212,0.18536997048027254
2021-06-25,0.27056078546752216,0.19741737299111525,0.1899430524677742,0.1525961966904181,0.18948259238317036
2021-06-28,0.2741505521692916,0.2008199849674802,0.18904797535172882,0.15350815582112703,0.18247333169037228
2021-06-29,0.27680177786919846,0.1978678468109226,0.1910269795265415,0.15466087632091047,0.17964251947242693
2021-06-30,0.2773454479441143,0.1982408242876862,0.19126420794434032,0.1531196293759085,0.1800298904479506
2021-07-01,,,,,
2021-07-02,,,,,
2021-07-05,,,,,
2021-07-06,0.3159439496030382,0.2120781737732248,0.14705749867256368,0.21357608899578487,0.11134428895538849
2021-07-07,0.1561441315152468,0.12157846774788532,0.09142926982182754,0.4978295186334124,0.133018612281628
2021-07-08,0.1688294956134586,0.11666750237386567,0.08837201615258894,0.4885633170556775,0.13756766880440927
2021-07-09,0.16042701000333653,0.1214034511293314,0.10943690507037271,0.38103610752341216,0.22769652627354717
2021-07-12,0.17309894019371333,0.11689037007734265,0.08672465376510861,0.49388267439045686,0.12940336157337853
2021-07-13,0.19614385583166763,0.13163897907133718,0.09689516505060114,0.4309655416517204,0.14435645839467368
2021-07-14,0.19103210635994894,0.12976659368812324,0.10022903583866627,0.44086348987485785,0.13810877423840381
2021-07-15,0.22543784976788006,0.15324993186463126,0.11535633389223132,0.3561735547620529,0.1497823297132045
2021-07-16,0.22621191704478877,0.14599076702186906,0.12022432847030551,0.3582890739041401,0.14928391355889672
2021-07-19,0.23745364234845226,0.16781072578437736,0.1402047548114638,0.28071048236743845,0.17382039468826813
2021-07-20,0.21482844798556464,0.15709465577525702,0.1473004790887429,0.3186783060779253,0.16209811107251024
2021-07-21,0.1959530188247577,0.16169551685969438,0.15300496566309085,0.3307796168920837,0.1585668817603734
2021-07-22,0.20214279183474268,0.14898579074453894,0.1578410588579796,0.3361266211669203,0.1549037373958185
2021-07-23,0.20287103349780788,0.1494744451043228,0.15748605277981473,0.33733020180767315,0.15283826681038143
2021-07-26,0.2009170544195009,0.15134840111434467,0.15499965314681072,0.33860928573626453,0.1541256055830792
2021-07-27,0.20454448757584623,0.15365955859721303,0.14693913245928694,0.3389973234557071,0.15585949791194678
2021-07-28,0.20407888764941057,0.15599388351774715,0.14023640904951246,0.344739159682465,0.15495166010086497
2021-07-29,0.21086620473947407,0.1605114215972669,0.11969900480512705,0.34874385212541253,0.16017951673271938
2021-07-30,0.2199767315504407,0.16587519483161786,0.12405432485756877,0.32497703200207945,0.16511671675829317
2021-08-02,,,,,
2021-08-03,,,,,
2021-08-04,0.034495367789277025,0.13612693231162004,0.12017108093957614,0.6671226410205283,0.04208397793899861
2021-08-05,0.0556210593424484,0.09200406971160167,0.2546834191132012,0.5121847256988515,0.08550672613389729
2021-08-06,0.10911671649503274,0.19952020742189416,0.1856920742821974,0.3855048194089825,0.1201661823918933
2021-08-09,0.24911415985921273,0.26280935868783983,0.2165819120464985,0.12857976401693497,0.14291480538951398
2021-08-10,0.25080476479203784,0.2626014566222011,0.22103971124315544,0.1186606099235525,0.14689345741905319
2021-08-11,0.25278491427005845,0.2635875806259597,0.2227426700927818,0.11372540622149478,0.1471594287897052
2021-08-12,0.26452841335043414,0.25353812874073717,0.2333832685263335,0.09462424182460898,0.15392594755788608
2021-08-13,0.27860342869671145,0.2628021481543012,0.19580764308079684,0.09952555539088978,0.16326122467730075
2021-08-16,0.30179032304265385,0.2619316758062803,0.2087597860858064,0.0949323913877866,0.13258582367747293
2021-08-17,0.32195473255835877,0.2412223484510003,0.1961878368812539,0.09977542374665958,0.14085965836272746
2021-08-18,0.30920267477000574,0.2392118250856993,0.17002401448631932,0.11674570911681509,0.16481577654116047
2021-08-19,0.25859152894242865,0.2544249045824719,0.18291746990612678,0.12660721926364227,0.17745887730533036
2021-08-20,0.27823766323610877,0.22935232957091536,0.17099474501362552,0.1364738403415549,0.18494142183779536
2021-08-23,0.26481734884740626,0.22888046524258643,0.175613948912031,0.1403169753510904,0.19037126164688598
2021-08-24,0.2629830191442004,0.23028346311891276,0.16192078723725656,0.14154601519200918,0.20326671530762114
2021-08-25,0.27300630711759666,0.23908595456738127,0.1384707749967558,0.1469579787148552,0.2024789846034111
2021-08-26,0.2755414047292512,0.24144213991835206,0.1397882704126065,0.14649473805472044,0.19673344688506983
2021-08-27,0.2687377515454527,0.2394071221008354,0.14033170418718235,0.15042964664418237,0.20109377552234725
2021-08-30,0.26831180929053566,0.2335284837317793,0.1423416776544392,0.14858249563212486,0.2072355336911211
2021-08-31,0.2672863736125079,0.23432905031874954,0.14278148031536844,0.14819341376843354,0.20740968198494053
2021-09-01,,,,,
2021-09-02,,,,,
2021-09-03,0.228724195221559,0.3064921705883259,0.033639274595899576,0.2147638579196167,0.21638050167459894
2021-09-06,0.228724195221559,0.3064921705883259,0.033639274595899576,0.2147638579196167,0.21638050167459894
2021-09-07,0.5003893423113157,0.15428455786010964,0.10012925207722465,0.1231913282029591,0.12200551954839094
2021-09-08,0.4025896832311916,0.19403875199189408,0.15519255479769484,0.08805674210977915,0.16012226786944034
2021-09-09,0.47134773536506064,0.160142740095723,0.10755421308087829,0.10553627725470571,0.1554190342036324
2021-09-10,0.43609155689444223,0.18382546198216926,0.12343985874266211,0.11677244688921284,0.13987067549151358
2021-09-13,0.3539580620253533,0.2160395268498036,0.14534025716135332,0.1364714653966578,0.14819068856683196
2021-09-14,0.34185982446309676,0.2082349910425807,0.15462754163929385,0.14252411742947296,0.15275352542555568
2021-09-15,0.3382101089840424,0.21955936167700493,0.15290469585930824,0.14419634641165474,0.14512948706798975
2021-09-16,0.27528673111949453,0.2423165175718809,0.1690788149415064,0.15620188192864307,0.15711605443847515
2021-09-17,0.2907082756266281,0.2561697406159466,0.1632108159116596,0.12783850139675187,0.16207266644901372
2021-09-20,0.2809445570813011,0.21475097969763585,0.18240738202054735,0.14357017838522063,0.1783269028152951
2021-09-21,0.2599543961618348,0.20868463451807168,0.16249425389806754,0.16885077754776362,0.2000159378742623
2021-09-22,0.2682765980717315,0.19445495046135564,0.1611241892421074,0.16958669580897615,0.20655756641582942
2021-09-23,0.2508260654444744,0.1933914953504951,0.15899092174101942,0.18000892010093567,0.21678259736307542
2021-09-24,0.2467595971593163,0.19722731636363455,0.1729074216543402,0.1939756335070129,0.18913003131569606
2021-09-27,0.2509766659876484,0.19273162739608482,0.17108193420730958,0.1979854857300871,0.18722428667887012
2021-09-28,0.2517531105569352,0.19380145780107255,0.16894860027434364,0.19778268402767382,0.18771414733997482
2021-09-29,0.23132274213321738,0.18403132963557936,0.17922646052586874,0.2124923390779105,0.19292712862742392
2021-09-30,0.23115509757804656,0.18481400727605246,0.17771184005599455,0.2131227635656972,0.19319629152420925
2021-10-01,,,,,
2021-10-04,,,,,
2021-10-05,0.0572752460607421,0.12451238566235205,0.10351994901730412,0.585210916430311,0.12948150282929063
2021-10-06,0.11243925612793089,0.2511872497296017,0.14204794331481377,0.32266298740912647,0.17166256341852731
2021-10-07,0.1228040099157267,0.2105749891240063,0.15354118105523712,0.3428592862191897,0.17022053368584025
2021-10-08,0.14964048965572524,0.2269142867243584,0.11658186209478551,0.33118029632824403,0.17568306519688667
2021-10-11,0.14595231085587018,0.22966179900750933,0.1176347680164742,0.3352647048866996,0.17148641723344654
2021-10-12,0.1383487880180048,0.21536590771467903,0.12220356842680181,0.34458642960469493,0.17949530623581944
2021-10-13,0.15121053671514148,0.23269399326776735,0.13246600352093885,0.34486014297454254,0.1387693235216098
2021-10-14,0.19829680122800925,0.23099102246774175,0.1573930908850734,0.2414958461665136,0.17182323925266205
2021-10-15,0.17762459246319373,0.22432340003590273,0.1650472485609472,0.2534720777015527,0.1795326812384036
2021-10-18,0.19156477456113274,0.2404966861236934,0.17128193135310998,0.20637782568497975,0.19027878227708406
2021-10-19,0.19517415333380683,0.23154927620785387,0.17228317984117383,0.20893183456840309,0.1920615560487625
2021-10-20,0.19979657411286253,0.23806866102095278,0.16920589474599587,0.21497098521294125,0.17795788490724743
2021-10-21,0.20250683821406168,0.24109576800827695,0.17068347979056595,0.20878908364281026,0.17692483034428524
2021-10-22,0.20414263395486235,0.24109361605175525,0.16619314693574155,0.2100898875236579,0.178480715533983
2021-10-25,0.205155887087023,0.2447688624532408,0.16792919026420558,0.21059018110629946,0.17155587908923095
2021-10-26,0.2075044289042339,0.23957832723021574,0.16958334620728321,0.20961376055960004,0.17372013709866715
2021-10-27,0.21057400824315559,0.24385155160566865,0.1692786478057185,0.20400412792890804,0.17229166441654914
2021-10-28,0.21139609976054924,0.24667893591684686,0.1697423116823982,0.21154897902022823,0.16063367361997746
2021-10-29,0.2104821938138483,0.2387366912881881,0.1729388435592022,0.21528532146346785,0.1625569498752936
2021-11-01,,,,,
2021-11-02,,,,,
2021-11-03,0.5380710534667945,0.11063373218791286,0.07431173080897027,0.16959525042652124,0.10738823310980114
2021-11-04,0.459769351185246,0.14902957470182654,0.11277901494684837,0.14883570061978832,0.12958635854629078
2021-11-05,0.5243893651793792,0.1377197649187693,0.12774204765243946,0.11201817736090997,0.09813064488850211
2021-11-08,0.5439842679280638,0.14469627817098688,0.13419741079734743,0.09712752328494585,0.07999451981865599
2021-11-09,0.48421528223552157,0.17129435530554124,0.13469273345091973,0.11587758877054177,0.09392004023747574
2021-11-10,0.35749416491861863,0.214257940758254,0.16684217016173208,0.15062959153061262,0.11077613263078263
2021-11-11,0.28847860982040435,0.19920963412841738,0.2121069793065028,0.1872594807222313,0.11294529602244396
2021-11-12,0.3068806410840624,0.20948207363585195,0.16397992302059716,0.19948769382004378,0.12016966843944478
2021-11-15,0.28583216809660933,0.21624716916499484,0.16996928238880288,0.20460285466253011,0.12334852568706285
2021-11-16,0.2923315147531943,0.21695178723390524,0.17056055872310963,0.20126577187733674,0.11889036741245416
2021-11-17,0.29738201848407314,0.22139698449305106,0.17571185280122806,0.1831054816988076,0.12240366252284024
2021-11-18,0.29387663457278407,0.22738335217304984,0.17429124730110643,0.1825737907515291,0.12187497520153057
2021-11-19,0.30035456718763404,0.23409778739836612,0.15957827217358153,0.181307297805051,0.12466207543536746
2021-11-22,0.3148208161636044,0.20631699142180732,0.1710277463379937,0.17938792017356872,0.12844652590302602
2021-11-23,0.33002600680680494,0.21348982626822843,0.178767319819542,0.14478945651519592,0.13292739059022876
2021-11-24,0.33441487346785764,0.21518902362875053,0.18113145596956715,0.1421443251720142,0.12712032176181062
2021-11-25,0.33441487346785764,0.21518902362875053,0.18113145596956715,0.1421443251720142,0.12712032176181062
2021-11-26,0.33815765158957906,0.21392532706546122,0.18389131436872372,0.14429857711172236,0.11972712986451362
2021-11-29,0.26554358537071476,0.22009415885288658,0.1706118125521135,0.19911606002892565,0.1446343831953596
2021-11-30,0.25244308047707276,0.21938581137210073,0.17485744972287914,0.20588822598351353,0.14742543244443382
2021-12-01,,,,,
2021-12-02,,,,,
2021-12-03,0.07268395741676002,0.11096265127264236,0.22451408067176926,0.20163945812164902,0.39019985251717926
2021-12-06,0.12115363879624211,0.1678331285338948,0.13169966956535756,0.24833128523022482,0.3309822778742807
2021-12-07,0.14503338903927607,0.18761400064316663,0.17171971218993193,0.31536450000898353,0.18026839811864184
2021-12-08,0.13414578787258316,0.160664255728766,0.1671543126175383,0.3510514899270043,0.18698415385410835
2021-12-09,0.13900822428006324,0.1664160742938652,0.17380240715414466,0.36398876155304943,0.15678453271887752
2021-12-10,0.14530587058742003,0.16185453443941988,0.18123828746462556,0.3447188819297772,0.16688242557875743
2021-12-13,0.1453041508449653,0.16434526602572613,0.18319720698896677,0.337612109315031,0.16954126682531073
2021-12-14,0.14804500752438154,0.16273815801138336,0.1629048651334306,0.36640440472599795,0.15990756460480648
2021-12-15,0.15533635829000866,0.17158380773905363,0.1760439184588435,0.3237064656476352,0.173329449864459
2021-12-16,0.15102656924733973,0.16716437751269334,0.18172376498679002,0.32665459333755525,0.17343069491562157
2021-12-17,0.15366541587410543,0.17759686568359234,0.19306179099139587,0.2915761879185447,0.18409973953236153
2021-12-20,0.1530886675391997,0.16765816106292253,0.19863256612648095,0.3002289088524916,0.18039169641890537
2021-12-21,0.15308259305868785,0.1738312399755062,0.18736031667991773,0.3024093678741689,0.18331648241171924
2021-12-22,0.1480615507752628,0.17277938523774813,0.17468972692216328,0.3143550615727812,0.19011427549204446
2021-12-23,0.1506845959505455,0.17270979476626733,0.1795235570254304,0.30259664597487423,0.19448540628288236
2021-12-24,0.1506845959505455,0.17270979476626733,0.1795235570254304,0.30259664597487423,0.19448540628288236
2021-12-27,0.1512406407609409,0.17299201049108082,0.17968880868602918,0.3046116882085165,0.19146685185343265
2021-12-28,0.14821804283931597,0.17128709930253122,0.18067217657754028,0.3072633670710199,0.19255931420959255
2021-12-29,0.14937402543339523,0.1727930569415825,0.1816041790175277,0.3022892427757558,0.19393949583173864
2021-12-30,0.15056032881730616,0.17416050666866562,0.18162799490073286,0.3043787139986038,0.1892724556146916
2021-12-31,0.15340538323013975,0.17632758415260852,0.17981203670621118,0.3023029756090945,0.188152020301946
2022-01-03,,,,,
2022-01-04,,,,,
2022-01-05,0.34862176980596465,0.2598040132414865,0.2010621520280351,0.09385819691199217,0.09665386801252161
2022-01-06,0.17525713998490738,0.24611325772210957,0.1941522084959144,0.20043708409946084,0.18404030969760793
2022-01-07,0.18820961824677387,0.2580843960326056,0.19244043650220363,0.19834565870092238,0.16291989051749445
2022-01-10,0.20044604624937665,0.25885927603831826,0.18014409975262752,0.18721021097681959,0.17334036698285793
2022-01-11,0.21890682056440267,0.21198662103205412,0.19816885079412888,0.1967467742707457,0.17419093333866864
2022-01-12,0.22740045648961588,0.2138795098215272,0.1687767965981574,0.20092401609992025,0.18901922099077914
2022-01-13,0.2307838320108562,0.2077784089130024,0.16082545946390414,0.20575131281039616,0.194860986801841
2022-01-14,0.22076042840753438,0.21403794655842448,0.15208324734545353,0.22173607367901282,0.19138230400957482
2022-01-17,0.22076042840753438,0.21403794655842448,0.15208324734545353,0.22173607367901282,0.19138230400957482
2022-01-18,0.22342719733357957,0.21638633909847008,0.15420830193779866,0.22476471822498356,0.18121344340516807
2022-01-19,0.21010406875643728,0.20854978943533992,0.14848089254605792,0.24419373199734842,0.18867151726481643
2022-01-20,0.21709793167993735,0.21886013890055042,0.15662031028186246,0.2188474226487676,0.18857419648888207
2022-01-21,0.21607257403789792,0.21832292761676203,0.15865420895326973,0.22195355124675512,0.18499673814531528
2022-01-24,0.20871868587745865,0.21473797162440694,0.15887721576710304,0.2348964824606004,0.1827696442704309
2022-01-25,0.208053852314466,0.20778286529495898,0.15720571076716877,0.23975227804128635,0.18720529358211985
2022-01-26,0.20544885352949285,0.2078743974920839,0.15810167080433785,0.24029826141707344,0.188276816757012
2022-01-27,0.2133961072222157,0.2140179476165715,0.15999555221210945,0.22160719770947893,0.19098319523962456
2022-01-28,0.22153591831527553,0.22200136569066406,0.16279407476294236,0.21728229128419618,0.17638634994692182
2022-01-31,0.18215801470391849,0.23171691339752187,0.1705138907029179,0.22937982751640532,0.18623135367923652
2022-02-01,,,,,
2022-02-02,,,,,
2022-02-03,0.29855107091784905,0.14009387864656672,0.11361714654420188,0.3160877434321904,0.1316501604591919
2022-02-04,0.06630139015222539,0.08972167138904495,0.14549142279945917,0.4820860230576559,0.21639949260161456
2022-02-07,0.07173610126981213,0.09817040377532733,0.15359895560740777,0.5314248872304982,0.1450696521169547
2022-02-08,0.09604765928998561,0.1319415222288657,0.20574730926389947,0.38678041467233304,0.17948309454491618
2022-02-09,0.0967113423470767,0.13800204421563975,0.17069131420737332,0.4069921334921555,0.18760316573775468
2022-02-10,0.0970191482407525,0.12218879209795702,0.14233837781248748,0.44719847410114744,0.19125520774765561
2022-02-11,0.10232757592722788,0.12935685480911122,0.16270600596936316,0.4131624171856442,0.19244714610865346
2022-02-14,0.13580364700496947,0.1614147291056976,0.19927874008380367,0.29887581322592294,0.20462707057960625
2022-02-15,0.13865515542006485,0.16016642198373804,0.19835171881457428,0.3042129122143492,0.19861379156727368
2022-02-16,0.14763417350843008,0.15413908330810752,0.18364071672194845,0.29092180294336795,0.22366422351814602
2022-02-17,0.15194653496971752,0.15841795605016692,0.1866541144511477,0.2852367226685123,0.21774467186045557
2022-02-18,0.1490265555706391,0.1576966808995865,0.18926107836925693,0.28285993217488936,0.22115575298562798
2022-02-21,0.1490265555706391,0.1576966808995865,0.18926107836925693,0.28285993217488936,0.22115575298562798
2022-02-22,0.1527123245002657,0.16128213910497685,0.1881404810448306,0.2862393852077012,0.21162567014222564
2022-02-23,0.15396603773791345,0.157744356400214,0.18192013958885778,0.2918489675783569,0.21452049869465797
2022-02-24,0.15147144478281066,0.16046086101482604,0.1808973429636883,0.2985842020786405,0.20858614916003446
2022-02-25,0.15044901926607931,0.16008857772799104,0.175577203704823,0.2946699590925811,0.2192152402085256
2022-02-28,0.14652023458099284,0.14390777945823088,0.17096269008849768,0.3060189370662294,0.23259035880604914
2022-03-01,,,,,
2022-03-02,,,,,
2022-03-03,0.1679359494481392,0.13455029241512356,0.3764069119641743,0.19765891417907416,0.12344793199348862
2022-03-04,0.1820719621517226,0.12598575929521735,0.3524546821852806,0.21890066554078721,0.1205869308269922
2022-03-07,0.20502399518121922,0.1195068361802167,0.32040050778358964,0.22954678596725112,0.1255218748877234
2022-03-08,0.1874795727175151,0.14646964614223904,0.23141162943430735,0.2786074255732491,0.15603172613268934
2022-03-09,0.21611757080874636,0.12227118257924521,0.22445492185154628,0.2610072596889709,0.17614906507149114
2022-03-10,0.22040189671792396,0.11797004268404035,0.20428739125803794,0.21669946906664836,0.24064120027334937
2022-03-11,0.22322829097043767,0.11769875904367452,0.20269386122936248,0.21924540573761686,0.23713368301890844
2022-03-14,0.22336040761595793,0.1198923739449842,0.20171674630230246,0.21680569468116367,0.23822477745559179
2022-03-15,0.2326184030521874,0.12093540730351397,0.20423401018398174,0.21227799454372936,0.2299341849165875
2022-03-16,0.2163626256100966,0.12585939680756839,0.20901467216046787,0.20828707921065417,0.2404762262112129
2022-03-17,0.2299033703311303,0.13305672333098997,0.13140792155619105,0.23933677857690286,0.2662952062047858
2022-03-18,0.22664254632877406,0.1335993490543139,0.13216710453805455,0.24023050676888413,0.26736049330997336
2022-03-21,0.22843414832440737,0.13599578832050876,0.13319647502794116,0.2417867937344917,0.260586794592651
2022-03-22,0.2327324759846221,0.1379088171592603,0.13470282915162785,0.24471339650009316,0.24994248120439655
2022-03-23,0.23233854674896673,0.13842319108041354,0.13381197428152714,0.24517390588071367,0.250252382008379
2022-03-24,0.2347526409088616,0.14132378337074236,0.13872088111578518,0.24862596551482194,0.23657672908978897
2022-03-25,0.2313930655633541,0.14213836576266783,0.13945581073568672,0.24925748872703418,0.23775526921125717
2022-03-28,0.23219199569509244,0.1427574242287545,0.13981404602556585,0.24931500530388218,0.235921528746705
2022-03-29,0.23543139424938786,0.14511615720459378,0.14200833645764938,0.2419566354877656,0.23548747660060337
2022-03-30,0.23555559393054853,0.14302790912352845,0.1417070980614514,0.2447329456068303,0.23497645327764138
2022-03-31,0.23510374845408777,0.14383970224181442,0.14266944114469685,0.24472753618489568,0.23365957197450524
2022-04-01,,,,,
2022-04-04,,,,,
2022-04-05,0.1235081716265913,0.06386463270167936,0.6836581102609918,0.06314542646374285,0.06582365894699466
2022-04-06,0.197461563517879,0.19798136814749184,0.10548507996498725,0.3359659406088349,0.163106047760807
2022-04-07,0.19377242838078826,0.1831589886969782,0.10297505380963094,0.33857329614816656,0.181520232964436
2022-04-08,0.19097379695649166,0.18345610771969612,0.1064018841077756,0.3267433703588005,0.19242484085723613
2022-04-11,0.19895466977807383,0.19094333086352266,0.11096462607295471,0.2997251240719634,0.1994122492134854
2022-04-12,0.17260606493679548,0.19440791113503292,0.11526365506331503,0.3123692121479928,0.20535315671686374
2022-04-13,0.18105854208474095,0.19821718318719458,0.12088417872595916,0.29907062066841567,0.20076947533368947
2022-04-14,0.1701772010968132,0.18525975661963182,0.12247581126512963,0.32294152931207115,0.1991457017063543
2022-04-15,0.1701772010968132,0.18525975661963182,0.12247581126512963,0.32294152931207115,0.1991457017063543
2022-04-18,0.170236328847554,0.19482599657583294,0.12458263899416792,0.3213354652292652,0.18901957035318007
2022-04-19,0.16995591508737434,0.19484653234145943,0.1250892157504335,0.32192766921889604,0.18818066760183672
2022-04-20,0.1666107580053635,0.21866767628707212,0.14323312200076013,0.25562117042616184,0.21586727328064245
2022-04-21,0.1811959157969841,0.22562358698391652,0.15522202935654505,0.2734413820873734,0.16451708577518093
2022-04-22,0.17590752094025128,0.2236786888283324,0.15006104041348037,0.27943217024339845,0.1709205795745376
2022-04-25,0.15881772018505508,0.21769597729257378,0.16105954481322116,0.27782478820362283,0.18460196950552712
2022-04-26,0.16702046782877797,0.22991805806554463,0.1726153021894954,0.24694114010533239,0.18350503181084965
2022-04-27,0.1631642867404502,0.1907133558907746,0.179447257220389,0.27414614426684164,0.19252895588154448
2022-04-28,0.1655204825815915,0.19196470627488077,0.1734780266645429,0.2751858378678479,0.19385094661113694
2022-04-29,0.15267783201560736,0.19048566800040165,0.17138719539659772,0.2833452590176852,0.202104045569708
2022-05-02,,,,,
2022-05-03,,,,,
2022-05-04,0.7078503120086214,0.08575901671703634,0.11623924577080279,0.0479492320951879,0.04220219340835177
2022-05-05,0.1459374516150377,0.2163944398390924,0.3373059928337152,0.143872061984031,0.15649005372812363
2022-05-06,0.13495119083147106,0.17339923925087974,0.16881494380217538,0.30542575653709436,0.21740886957837943
2022-05-09,0.13649137561591007,0.16989117968144477,0.16885750564188176,0.3071300062073714,0.21762993285339183
2022-05-10,0.13360642473861536,0.1682422719073347,0.17170272748902154,0.30832872068345835,0.21811985518156995
2022-05-11,0.13860780945731654,0.1625832419500707,0.1708361490176507,0.31748324882110157,0.21048955075386044
2022-05-12,0.1452777996491298,0.1734634631377529,0.18226316189576602,0.30557677994484184,0.19341879537250936
2022-05-13,0.14863805926457158,0.17789361851656801,0.18693801616215042,0.2880644948998684,0.1984658111568416
2022-05-16,0.14786050796169745,0.16070933641283205,0.16600094548561722,0.3154498564124019,0.20997935372745147
2022-05-17,0.15223016946975418,0.16456189453063713,0.17095963537919223,0.29612077221631783,0.21612752840409868
2022-05-18,0.15053190158709587,0.15841552615291182,0.16085077709538928,0.3086458676354551,0.221555927529148
2022-05-19,0.14061265288187838,0.15570368394850292,0.16365626790230003,0.32873412230269144,0.21129327296462722
2022-05-20,0.1473730547639976,0.16078609465651292,0.16518324207268045,0.30565798440115316,0.2209996241056558
2022-05-23,0.14833147000679792,0.16157631569463346,0.1658310265379423,0.30733059650416295,0.2169305912564633
2022-05-24,0.14688685177342745,0.15885215972798436,0.16895346690391935,0.3114573406506029,0.21385018094406597
2022-05-25,0.15037428243044124,0.16297673684253827,0.16918603811601698,0.31158179570271505,0.20588114690828846
2022-05-26,0.14978040565763354,0.16379861252273084,0.16928242235750393,0.31065242272193294,0.20648613674019867
2022-05-27,0.14677824728265929,0.16340788206828952,0.1668643235424395,0.31449242206022554,0.20845712504638617
2022-05-30,0.14677824728265929,0.16340788206828952,0.1668643235424395,0.31449242206022554,0.20845712504638617
2022-05-31,0.14237576721597595,0.16334848171221766,0.16639238495942107,0.31745445895526364,0.2104289071571217
2022-06-01,,,,,
2022-06-02,,,,,
2022-06-03,0.042207096135753276,0.027673894752378508,0.047171059993838936,0.19278412740034373,0.6901638217176856
2022-06-06,0.054828123222192535,0.044030984246550275,0.058752308836933505,0.08734200117555385,0.7550465825187699
2022-06-07,0.16407105109122022,0.13141768649822552,0.1721920778072398,0.2473522358673707,0.2849669487359438
2022-06-08,0.1718360995375906,0.1451620013932671,0.18946413627094316,0.2638536315986323,0.22968413119956685
2022-06-09,0.16586741368291802,0.1398525265835362,0.1940167122858479,0.27119097171405737,0.22907237573364042
2022-06-10,0.1529001941227842,0.13613432956012056,0.16346588022186845,0.2979918915491476,0.24950770454607915
2022-06-13,0.14183871614674615,0.13442290833793522,0.174580880379076,0.2787908082932089,0.27036668684303367
2022-06-14,0.16385398166755166,0.16212784959364554,0.18565379556894704,0.24498525470786678,0.24337911846198892
2022-06-15,0.1664767878386389,0.1661536981219076,0.17527809887994397,0.2464576559942528,0.24563375916525676
2022-06-16,0.1712070028784462,0.15682547706370523,0.18583788462951853,0.25752711230471403,0.22860252312361604
2022-06-17,0.16702821730857195,0.16036251075198502,0.17648198669970053,0.26243379084360025,0.23369349439614237
2022-06-20,0.16702821730857195,0.16036251075198502,0.17648198669970053,0.26243379084360025,0.23369349439614237
2022-06-21,0.16676055769519815,0.16108926130115733,0.17709718224050489,0.2602081592027972,0.23484483956034255
2022-06-22,0.15595832916037727,0.15889796539544723,0.17648474049209584,0.2723308153671395,0.23632814958494006
2022-06-23,0.16265586986955982,0.16602944275265455,0.18000368741679693,0.28321892509601637,0.20809207486497233
2022-06-24,0.16077651916149385,0.16780142259469058,0.1808799992093277,0.2832310804690969,0.20731097856539113
2022-06-27,0.15305934054901768,0.15531143772398046,0.17732659219822564,0.29981268208498785,0.2144899474437884
2022-06-28,0.15329757437858968,0.1555207802211852,0.17741959104712976,0.300244590722067,0.21351746363102836
2022-06-29,0.15088540603121955,0.15602457228478644,0.1780816290941975,0.3017245896134921,0.21328380297630434
2022-06-30,0.15208478956921773,0.15735031611669045,0.17955812351441192,0.3043060402496654,0.20670073055001462
2022-07-01,,,,,
2022-07-04,,,,,
2022-07-05,,,,,
2022-07-06,0.09131993755834451,0.02688341504972384,0.5136164820098792,0.03893288050987853,0.32924728487217386
2022-07-07,0.14401482605528756,0.03833991037844174,0.7096123014803547,0.06334858400271628,0.04468437808319974
2022-07-08,0.3538213089902145,0.1165796288922278,0.16230286357336965,0.20066137121160346,0.16663482733258467
2022-07-11,0.31807197615133737,0.12830754564598268,0.17939100945324352,0.201148882486139,0.1730805862632975
2022-07-12,0.2590213217793609,0.15236790738819286,0.15853236145867836,0.25652553357365265,0.17355287580011525
2022-07-13,0.2370632135103894,0.15749685310005423,0.1646344668516375,0.2635664545660062,0.17723901197191275
2022-07-14,0.24017488171219353,0.16409735868101194,0.17230003052213058,0.2466312227307936,0.1767965063538704
2022-07-15,0.24694928381928385,0.16015625550258633,0.17669245284399102,0.2405140868056965,0.17568792102844236
2022-07-18,0.21668359403573384,0.14931718268461283,0.1855480899149149,0.25876230523346566,0.18968882813127272
2022-07-19,0.21396130229439245,0.15263523754500266,0.18525249407600303,0.26073632984953904,0.1874146362350629
2022-07-20,0.1888117455286727,0.13760249349586212,0.18532260819551538,0.28104761912391224,0.2072155336560375
2022-07-21,0.19005248470796648,0.1354417655504576,0.1865102771004437,0.2794318558606289,0.20856361678050334
2022-07-22,0.20367568092028215,0.14379571846328562,0.1938764906962168,0.25239828408912157,0.20625382583109392
2022-07-25,0.20054380353632129,0.14776429861060517,0.19559174310906183,0.2565675023042341,0.1995326524397776
2022-07-26,0.20232241587813038,0.14764952110810461,0.19649685025893063,0.25907364307650005,0.19445756967833444
2022-07-27,0.19552158801250402,0.1446238215300196,0.1979528836236612,0.26369969446224123,0.19820201237157392
2022-07-28,0.18650657680509428,0.14488805299724963,0.1947981637416077,0.2639799727763696,0.2098272336796788
2022-07-29,0.1882971309682626,0.14821638676198853,0.19885695768324457,0.25192809737097976,0.2127014272155246
2022-08-01,,,,,
2022-08-02,,,,,
2022-08-03,0.3814611634533216,0.09479939233638028,0.3735639957320602,0.1195174185008616,0.030658029977376253
2022-08-04,0.1730547489669082,0.15545837971604978,0.24073306059950256,0.34493989057587804,0.08581392014166149
2022-08-05,0.21926228877493553,0.18008958708281483,0.26029750048642664,0.23207452451767405,0.10827609913814881
2022-08-08,0.23982095551458515,0.18287814493365295,0.2881173564470169,0.19256937727610393,0.09661416582864105
2022-08-09,0.2434667808321173,0.18192878603490353,0.29366905832594586,0.18839477853755773,0.09254059626947553
2022-08-10,0.24185842103413405,0.1837059980580905,0.2884121950537218,0.19221187039124857,0.09381151546280526
2022-08-11,0.20203523965603598,0.16342244366417544,0.2839278966456581,0.23471382814806455,0.1159005918860659
2022-08-12,0.20512772802595036,0.16589199860960824,0.2873575943856129,0.23486639054110328,0.10675628843772517
2022-08-15,0.193803211275684,0.17525538064399337,0.2810176426691247,0.23910961385846832,0.11081415155272976
2022-08-16,0.20550062807684502,0.17620741162669884,0.282473403771682,0.21830667343751506,0.11751188308725907
2022-08-17,0.2058486833798911,0.17672372300463013,0.28197631581742494,0.21812485725184916,0.11732642054620464
2022-08-18,0.202097050633168,0.17564438422869078,0.28271013466064215,0.21975894483579042,0.11978948564170877
2022-08-19,0.20499030569954807,0.17683119391874708,0.27485450660677346,0.22199532715817522,0.12132866661675615
2022-08-22,0.19976535218697827,0.181548208223069,0.25711204876935156,0.23430888938541827,0.12726550143518287
2022-08-23,0.18248053369984021,0.17144537433369597,0.2634374765867043,0.24633944602555835,0.13629716935420128
2022-08-24,0.18459853793563574,0.1732618927700607,0.26187135327128414,0.24232472797070395,0.1379434880523155
2022-08-25,0.1846966928710381,0.172924242328432,0.2626903516650835,0.2417845742590861,0.13790413887636022
2022-08-26,0.18926172972794808,0.18021028523167315,0.22904471407211383,0.2589451308184914,0.14253814014977353
2022-08-29,0.16646360288767464,0.17219336826520398,0.23467178037027683,0.27022922220952966,0.15644202626731496
2022-08-30,0.16648351555941854,0.1726187314396685,0.23308322913876184,0.27150610833467925,0.15630841552747202
2022-08-31,0.16711437805528592,0.17541217323851555,0.22842644923000974,0.2701768555401761,0.1588701439360125
2022-09-01,,,,,
2022-09-02,,,,,
2022-09-05,,,,,
2022-09-06,0.07124507135867207,0.10543350886531604,0.7272445336818616,0.05540180715481552,0.04067507893933474
2022-09-07,0.16253256540861988,0.10481093179736253,0.5452895987301704,0.11800270621862564,0.06936419784522167
2022-09-08,0.19588396224701501,0.18205141479772316,0.25397754731561073,0.2440810864800323,0.12400598915961898
2022-09-09,0.19620850741813903,0.1846858118733965,0.25961309726438014,0.2337612609198541,0.1257313225242303
2022-09-12,0.21295411163249006,0.14360443452252764,0.21411843436656178,0.2779835936028691,0.15133942587555146
2022-09-13,0.2196967056828341,0.14244079498217274,0.1914418624411185,0.2870390197759177,0.15938161711795698
2022-09-14,0.14409672821329675,0.13726433343508837,0.1832372428056676,0.32232789986912597,0.21307379567682133
2022-09-15,0.1452635483824758,0.1387798338960957,0.18203668847182852,0.32305934977619505,0.21086057947340497
2022-09-16,0.15282828492309336,0.1467551820035227,0.1921904271804989,0.28243976816433586,0.22578633772854917
2022-09-19,0.1542364937556528,0.14785962202057934,0.19354391725856612,0.2769825776347841,0.2273773893304176
2022-09-20,0.15339961397926932,0.14888806378212194,0.1929077926507642,0.27831680968145844,0.22648771990638608
2022-09-21,0.15352914542463672,0.14230058369017468,0.1960789540601288,0.28100754155425345,0.22708377527080634
2022-09-22,0.15551863665230833,0.14739270610701533,0.19741348470743453,0.2886033743330913,0.21107179820015046
2022-09-23,0.15889022150359247,0.15111443516346632,0.20254203297307485,0.29598697781151273,0.19146633254835363
2022-09-26,0.16730447871587897,0.1411963586357429,0.20067358933087664,0.28672296135721037,0.20410261196029103
2022-09-27,0.17037224648424065,0.14278081898016928,0.20357637221670546,0.2840907136217455,0.19917984869713912
2022-09-28,0.17362759145744966,0.14554427545141543,0.20662892093073346,0.2869641539678819,0.1872350581925195
2022-09-29,0.18177382882213444,0.1484178753863022,0.22363446682734725,0.2725302817815079,0.17364354718270822
2022-09-30,0.17876405374746562,0.15006234898381166,0.21673363344719282,0.2775667866145647,0.17687317720696524
2022-10-03,,,,,
2022-10-04,,,,,
2022-10-05,0.45899816361101775,0.08900588704591005,0.1284864744776716,0.21085425894880805,0.11265521591659257
2022-10-06,0.190196972608121,0.10978244567619379,0.21346149907453638,0.22602757414287394,0.260531508498275
2022-10-07,0.16298284103631275,0.10364709121480299,0.19362088972510644,0.24258010281560838,0.29716907520816954
2022-10-10,0.14116926283066727,0.1157378229695756,0.17053431285555232,0.24021130097628368,0.3323473003679211
2022-10-11,0.15278029840747423,0.12709267521457376,0.17416727367412702,0.22699488233906387,0.3189648703647612
2022-10-12,0.15634206290064118,0.12829358871779176,0.16937892700620874,0.2338727786041506,0.3121126427712077
2022-10-13,0.15842627164809667,0.13029283208496606,0.1718675743581267,0.2355179978455053,0.3038953240633052
2022-10-14,0.14888096810492066,0.12475241322354903,0.17894804571625691,0.24015913346259332,0.30725943949268014
2022-10-17,0.14270282562404396,0.12632722182388412,0.17896738822884142,0.23688115717000127,0.3151214071532291
2022-10-18,0.13926627583999004,0.12094750925241549,0.1633012352602232,0.24682945757838876,0.3296555220689825
2022-10-19,0.13936925150171198,0.12141110775434874,0.16480771750483944,0.24847822175781284,0.32593370148128703
2022-10-20,0.14678514068907064,0.12448645291886165,0.1671222790469385,0.2512970961348802,0.31030903121024894
2022-10-21,0.1485073162721491,0.12734086141910067,0.17001878973176265,0.2572885394314717,0.29684449314551586
2022-10-24,0.149965353959191,0.13258366143245137,0.17476256155554348,0.24673567195630666,0.2959527510965075
2022-10-25,0.15312660608844492,0.13622625167597505,0.15363457057001992,0.2531542257035349,0.30385834596202527
2022-10-26,0.16605508169949648,0.1452425847490271,0.16732931478482851,0.27761884775112067,0.24375417101552727
2022-10-27,0.16799763230213532,0.1484597946492587,0.16704616716677997,0.28149046206490036,0.23500594381692547
2022-10-28,0.16864498951596577,0.14825757260192973,0.16805619714511752,0.2844182596129815,0.23062298112400548
2022-10-31,0.16537915535502923,0.14997164415601336,0.1700047523241742,0.2814519943385705,0.23319245382621273
2022-11-01,,,,,
2022-11-02,,,,,
2022-11-03,0.1885777077498854,0.15238068998863993,0.146042349591383,0.22749129547535604,0.2855079571947356
2022-11-04,0.19713659533316247,0.1596551560389603,0.1571919858339833,0.23017349383525043,0.2558427689586435
2022-11-07,0.2078211623633652,0.11890985286089989,0.15796523463204964,0.19799638562382266,0.3173073645198627
2022-11-08,0.1959785692763766,0.1254875689362602,0.1580317018535493,0.19749403486864442,0.3230081250651695
2022-11-09,0.2107989672173521,0.13838172913588978,0.17409271472963253,0.1942090667023804,0.28251752221474513
2022-11-10,0.20210710487351738,0.14088154540545306,0.15784942157430645,0.19960642133457634,0.2995555068121467
2022-11-11,0.16315921483889456,0.14818111843111748,0.19893259012598385,0.24896752221345156,0.24075955439055252
2022-11-14,0.16444125203357154,0.14901458707748733,0.19365787197583428,0.25160539628531076,0.2412808926277961
2022-11-15,0.16553965479450367,0.14583908333841059,0.18908670534989855,0.2542809978248066,0.24525355869238052
2022-11-16,0.16761874354829798,0.14787873858845213,0.18850714527614798,0.25700281648464723,0.2389925561024545
2022-11-17,0.17266260290832877,0.1526658748262219,0.17992269434642283,0.2614737384835964,0.2332750894354301
2022-11-18,0.17623131984661555,0.15520224353543208,0.18302219819442614,0.2561664721555817,0.22937776626794465
2022-11-21,0.17904732983282745,0.1576786746167423,0.18208035219158508,0.2520741322044617,0.22911951115438348
2022-11-22,0.18131825264815082,0.15771277006273576,0.17765495046116597,0.2506503482412695,0.232663678586678
2022-11-23,0.1803938532061704,0.15841637818882867,0.178877281102736,0.2522922731956728,0.23002021430659214
2022-11-24,0.1803938532061704,0.15841637818882867,0.178877281102736,0.2522922731956728,0.23002021430659214
2022-11-25,0.18144264356148276,0.15931799391845344,0.18011512065888144,0.25393055230444667,0.22519368955673563
2022-11-28,0.1821651889502937,0.16007017304012555,0.17893570785491195,0.25458423287284104,0.22424469728182786
2022-11-29,0.1801406949739118,0.15727802856027323,0.18081911482260976,0.2530574813752549,0.22870468026795024
2022-11-30,0.182227016775641,0.159118440795759,0.17879404489488368,0.2561150742513875,0.22374542328232888
2022-12-01,,,,,
2022-12-02,,,,,
2022-12-05,0.8739503049923646,0.03902860970539613,0.0514489969138585,0.01671989467883476,0.01885219370954598
2022-12-06,0.24280656349141722,0.20581939200107585,0.31446455146401425,0.133317877966692,0.10359161507680076
2022-12-07,0.2285955648019396,0.20152762676585134,0.3232816801831197,0.1384987756314629,0.10809635261762632
2022-12-08,0.22058496723212576,0.20923753558603775,0.32688379204034335,0.1372750679684175,0.10601863717307575
2022-12-09,0.21038990073350378,0.2503378056438749,0.24908691211563974,0.1695810042155022,0.12060437729147937
2022-12-12,0.2181967775278068,0.2614397841682097,0.2501180079887168,0.17677073896774054,0.09347469134752623
2022-12-13,0.17940175283584361,0.2735662235828561,0.2680261529519754,0.17872474655154344,0.10028112407778139
2022-12-14,0.19023109230965762,0.2483741770813636,0.27351713824295915,0.17596322713726564,0.11191436522875398
2022-12-15,0.1889203949804046,0.24942401417735538,0.2742482561797721,0.17498490991103066,0.11242242475143718
2022-12-16,0.19969965565187253,0.20631743737894637,0.24895280397111844,0.19961113138324135,0.14541897161482148
2022-12-19,0.20157200866061536,0.2025820250445533,0.2520237304010485,0.2008790202264855,0.1429432156672975
2022-12-20,0.2031284503137677,0.20507149217195164,0.25388867270953824,0.20239416799714727,0.13551721680759513
2022-12-21,0.20581011233085963,0.20957979153761136,0.2601122147161564,0.19286019854115624,0.13163768287421643
2022-12-22,0.19477594639488735,0.2053332776504902,0.2588321338335401,0.2024437076669103,0.1386149344541721
2022-12-23,0.1940504890104905,0.20683677576178078,0.25899187626086756,0.19782686402152416,0.14229399494533693
2022-12-26,0.1940504890104905,0.20683677576178078,0.25899187626086756,0.19782686402152416,0.14229399494533693
2022-12-27,0.19169735896221257,0.20786824873969562,0.261540993205589,0.19954465980800862,0.1393487392844943
2022-12-28,0.19876478901891845,0.21511769484123044,0.24405703036227003,0.20405468066902968,0.1380058051085514
2022-12-29,0.20004168864409427,0.21630287332309603,0.23502281184910323,0.20750004206582012,0.14113258411788626
2022-12-30,0.19267527061987078,0.21368818742092094,0.2272998139449943,0.21914126532147446,0.14719546269273948
